,ENet,RF,Lasso,XGB
Precip_Coldest_Quarter,-0.16585500821204563,-0.1333677555928643,-0.39793788640091976,-0.2482355934800145
Full_class,,0.8357781862745097,,0.8436151960784313
